,Name,Team,HR,Projected_HR,Difference
0,Aaron Judge,NYY,58,50.0,-8.0
1,Shohei Ohtani,LAD,54,43.0,-11.0
2,Bobby Witt Jr.,KCR,32,39.0,7.0
3,Yordan Alvarez,HOU,35,38.0,3.0
4,Brent Rooker,OAK,39,38.0,-1.0
5,Juan Soto,NYY,41,37.0,-4.0
6,Jose Ramirez,CLE,39,36.0,-3.0
7,Marcell Ozuna,ATL,39,35.0,-4.0
8,Anthony Santander,BAL,44,34.0,-10.0
9,Vladimir Guerrero Jr.,TOR,30,33.0,3.0
10,Francisco Lindor,NYM,33,33.0,0.0
11,Gunnar Henderson,BAL,37,32.0,-5.0
12,Mookie Betts,LAD,19,31.0,12.0
13,Willy Adames,MIL,32,31.0,-1.0
14,Bryce Harper,PHI,30,30.0,0.0
15,Jose Altuve,HOU,20,30.0,10.0
16,Alex Bregman,HOU,26,29.0,3.0
17,Eugenio Suarez,ARI,30,29.0,-1.0
18,Seiya Suzuki,CHC,21,29.0,8.0
19,Isaac Paredes,- - -,19,29.0,10.0
20,Kyle Schwarber,PHI,38,29.0,-9.0
21,Freddie Freeman,LAD,22,29.0,7.0
22,Jurickson Profar,SDP,24,29.0,5.0
23,Pete Alonso,NYM,34,29.0,-5.0
24,Jarren Duran,BOS,21,28.0,7.0
25,J.J. Bleday,OAK,20,28.0,8.0
26,Salvador Perez,KCR,27,28.0,1.0
27,Matt Olson,ATL,29,28.0,-1.0
28,Cal Raleigh,SEA,34,28.0,-6.0
29,Ketel Marte,ARI,36,27.0,-9.0
30,Corey Seager,TEX,30,27.0,-3.0
31,Marcus Semien,TEX,23,27.0,4.0
32,Jackson Merrill,SDP,24,27.0,3.0
33,Teoscar Hernandez,LAD,33,27.0,-6.0
34,Manny Machado,SDP,29,27.0,-2.0
35,Matt Chapman,SFG,27,27.0,0.0
36,Rafael Devers,BOS,28,26.0,-2.0
37,Ezequiel Tovar,COL,26,26.0,0.0
38,Taylor Ward,LAA,25,26.0,1.0
39,Ian Happ,CHC,25,26.0,1.0
40,Nolan Arenado,STL,16,25.0,9.0
41,Luis Arraez,- - -,4,25.0,21.0
42,Jorge Soler,- - -,21,25.0,4.0
43,Nick Castellanos,PHI,23,25.0,2.0
44,Bryan Reynolds,PIT,24,25.0,1.0
45,Adley Rutschman,BAL,19,25.0,6.0
46,Christian Walker,ARI,26,25.0,-1.0
47,Steven Kwan,CLE,14,25.0,11.0
48,Riley Greene,DET,24,25.0,1.0
49,Elly De La Cruz,CIN,25,24.0,-1.0
50,William Contreras,MIL,23,24.0,1.0
51,Brendan Donovan,STL,14,24.0,10.0
52,Justin Turner,- - -,11,24.0,13.0
53,Gleyber Torres,NYY,15,24.0,9.0
54,Michael Busch,CHC,21,24.0,3.0
55,Cody Bellinger,CHC,18,24.0,6.0
56,Josh Naylor,CLE,31,23.0,-8.0
57,Carlos Santana,MIN,23,23.0,0.0
58,Randy Arozarena,- - -,20,23.0,3.0
59,Will Smith,LAD,20,23.0,3.0
60,Trea Turner,PHI,21,23.0,2.0
61,Daulton Varsho,TOR,18,23.0,5.0
62,Masyn Winn,STL,15,22.0,7.0
63,Colton Cowser,BAL,24,22.0,-2.0
64,Corbin Carroll,ARI,22,22.0,0.0
65,CJ Abrams,WSN,20,22.0,2.0
66,Rhys Hoskins,MIL,26,22.0,-4.0
67,Andrew Vaughn,CHW,19,22.0,3.0
68,Paul Goldschmidt,STL,22,22.0,0.0
69,Jake Cronenworth,SDP,17,22.0,5.0
70,Brandon Nimmo,NYM,23,22.0,-1.0
71,Wyatt Langford,TEX,16,22.0,6.0
72,Josh Smith,TEX,13,22.0,9.0
73,Spencer Steer,CIN,20,22.0,2.0
74,Yainer Diaz,HOU,16,22.0,6.0
75,Julio Rodriguez,SEA,20,22.0,2.0
76,Zach Neto,LAA,23,22.0,-1.0
77,Willi Castro,MIN,12,22.0,10.0
78,Lourdes Gurriel Jr.,ARI,18,22.0,4.0
79,Jazz Chisholm Jr.,- - -,24,21.0,-3.0
80,Alec Bohm,PHI,15,21.0,6.0
81,Adolis Garcia,TEX,25,21.0,-4.0
82,Shea Langeliers,OAK,29,21.0,-8.0
83,Jonathan India,CIN,15,21.0,6.0
84,Alec Burleson,STL,21,21.0,0.0
85,Nico Hoerner,CHC,7,20.0,13.0
86,Jake Burger,MIA,29,20.0,-9.0
87,Vinnie Pasquantino,KCR,19,20.0,1.0
88,Jesse Winker,- - -,14,20.0,6.0
89,Yandy Diaz,TBR,14,19.0,5.0
90,Lane Thomas,- - -,15,19.0,4.0
91,Heliot Ramos,SFG,22,19.0,-3.0
92,Matt Vierling,DET,16,19.0,3.0
93,Jackson Chourio,MIL,21,19.0,-2.0
94,Oneil Cruz,PIT,21,19.0,-2.0
95,Andrew Benintendi,CHW,20,18.0,-2.0
96,Brenton Doyle,COL,23,18.0,-5.0
97,Jeremy Pena,HOU,15,18.0,3.0
98,Andrew McCutchen,PIT,20,18.0,-2.0
99,Josh Bell,- - -,19,18.0,-1.0
100,Logan O'Hoppe,LAA,20,18.0,-2.0
101,Nathaniel Lowe,TEX,16,18.0,2.0
102,Dansby Swanson,CHC,16,17.0,1.0
103,Luis Garcia Jr.,WSN,18,17.0,-1.0
104,Anthony Volpe,NYY,12,17.0,5.0
105,Colt Keith,DET,13,17.0,4.0
106,Tyler Stephenson,CIN,19,17.0,-2.0
107,Ryan Mountcastle,BAL,13,17.0,4.0
108,Nolan Schanuel,LAA,13,17.0,4.0
109,Bryan De La Cruz,- - -,21,16.0,-5.0
110,Bryson Stott,PHI,11,16.0,5.0
111,Ryan McMahon,COL,20,16.0,-4.0
112,Ty France,- - -,13,16.0,3.0
113,Christopher Morel,- - -,21,16.0,-5.0
114,George Springer,TOR,19,16.0,-3.0
115,Ceddanne Rafaela,BOS,15,16.0,1.0
116,Joey Ortiz,MIL,11,14.0,3.0
117,Jesus Sanchez,MIA,18,14.0,-4.0
118,Alex Verdugo,NYY,13,14.0,1.0
119,Jake Meyers,HOU,13,14.0,1.0
120,Andres Gimenez,CLE,9,14.0,5.0
121,Zack Gelof,OAK,17,14.0,-3.0
122,Leody Taveras,TEX,12,14.0,2.0
123,Brice Turang,MIL,7,12.0,5.0
124,Orlando Arcia,ATL,17,11.0,-6.0
125,Sal Frelick,MIL,2,11.0,9.0
126,Maikel Garcia,KCR,7,9.0,2.0
127,Brendan Rodgers,COL,13,9.0,-4.0
128,Jacob Young,WSN,3,7.0,4.0
